version,threads,schedule,chunk,run1,run2,run3,avg_time,speedup,efficiency,checksum
sequential,1,sequential,-,9.390,9.416,9.281,9.3623,1.000,1.000,21071.127819
parallel,1,static,default,9.584,8.936,8.885,9.1350,1.025,1.025,21071.127819
parallel,2,static,default,4.899,5.025,4.975,4.9663,1.885,0.943,21071.127819
parallel,4,static,default,3.033,3.097,2.985,3.0383,3.081,0.770,21071.127819
parallel,8,static,default,1.686,1.741,1.743,1.7233,5.433,0.679,21071.127819
parallel,8,static,8,1.770,1.786,1.812,1.7893,5.232,0.654,21071.127819
parallel,8,static,64,1.806,1.763,1.832,1.8003,5.200,0.650,21071.127819
parallel,8,dynamic,default,1.663,1.672,1.666,1.6670,5.616,0.702,21071.127819
parallel,8,dynamic,8,1.677,1.662,1.687,1.6753,5.588,0.699,21071.127819
parallel,8,dynamic,64,1.685,1.676,1.680,1.6803,5.572,0.697,21071.127819
parallel,8,guided,default,1.676,1.737,1.730,1.7143,5.461,0.683,21071.127819
parallel,8,guided,8,1.707,1.701,1.675,1.6943,5.526,0.691,21071.127819
parallel,8,guided,64,1.713,1.740,1.727,1.7267,5.422,0.678,21071.127819
parallel,16,static,default,1.472,1.480,1.478,1.4767,6.340,0.396,21071.127819
parallel,32,static,default,1.125,1.127,1.128,1.1267,8.309,0.260,21071.127819
optimized,1,static,default,5.683,5.595,5.234,5.5040,1.701,1.701,21071.127819
optimized,2,static,default,4.192,4.303,3.796,4.0970,2.285,1.143,21071.127819
optimized,4,static,default,2.444,2.446,2.503,2.4643,3.799,0.950,21071.127819
optimized,8,static,default,1.445,1.439,1.541,1.4750,6.347,0.793,21071.127819
optimized,8,static,8,1.053,1.086,1.044,1.0610,8.824,1.103,21071.127819
optimized,8,static,64,1.102,1.070,1.095,1.0890,8.597,1.075,21071.127819
optimized,8,dynamic,default,0.931,0.968,0.976,0.9583,9.770,1.221,21071.127819
optimized,8,dynamic,8,0.953,0.974,0.958,0.9617,9.735,1.217,21071.127819
optimized,8,dynamic,64,0.960,0.969,0.966,0.9650,9.702,1.213,21071.127819
optimized,8,guided,default,1.484,1.451,1.520,1.4850,6.305,0.788,21071.127819
optimized,8,guided,8,1.523,1.497,1.535,1.5183,6.166,0.771,21071.127819
optimized,8,guided,64,1.503,1.558,1.461,1.5073,6.211,0.776,21071.127819
optimized,16,static,default,1.068,1.072,1.043,1.0610,8.824,0.551,21071.127819
optimized,32,static,default,0.796,0.875,0.798,0.8230,11.376,0.355,21071.127819
atomic,8,static,default,9.626,9.276,8.881,9.2610,1.011,0.126,21071.127819
atomic,8,dynamic,64,14.444,15.041,15.805,15.0967,0.620,0.077,21071.127819
